{
    "Nitrate_mg_per_L": [
        1.00115,
        12.6977,
        7.105878535210291,
        6.7736462027213955
    ],
    "Discharge_cfs": [
        30.71,
        7076.568000000024,
        2606.493585544016,
        5448.057773942794
    ],
    "prcp(mm/day)": [
        -1.0,
        0.4962095861056378,
        -0.60191135033914,
        0.6416986550154281
    ],
    "CornLands_ha": [
        158.766,
        8557.73,
        3008.4842777307213,
        3806.4228239079594
    ],
    "SoybeanLands_ha": [
        58.1238,
        5777.12,
        2106.0896687999084,
        2741.1564149600786
    ],
    "OtherAgLands_ha": [
        40.0347,
        2566.44,
        1056.1925256644993,
        1414.7437613131435
    ],
    "ForestLands_ha": [
        8.0703,
        999.608,
        413.7493401180698,
        709.2547820581296
    ],
    "UrbanLands_ha": [
        23.1201,
        1816.9,
        546.0113679101072,
        772.6547047978946
    ],
    "FertilizerNTons": [
        3577.1000000000004,
        204464.2,
        71272.77125256674,
        91709.75426507907
    ],
    "ManureNTons": [
        1961.6,
        55751.9,
        25742.116648129133,
        30903.432713733233
    ],
    "DRAIN_SQKM": [
        277.85325,
        18778.667699999998,
        7366.080304166666,
        9659.415236462039
    ],
    "ShallowArea_sqkm": [
        0.0,
        255.79549999999998,
        94.28750833333334,
        157.65816565325733
    ],
    "DeepArea_sqkm": [
        274.0767,
        18726.539999999997,
        7266.700625,
        9554.415684410267
    ],
    "ExcessivelyDrainedArea_sqkm": [
        0.35082000000000013,
        489.06979999999993,
        140.39782083333333,
        236.99917024674716
    ],
    "WellDrainedArea_sqkm": [
        182.4366,
        8105.779999999999,
        3613.0722708333337,
        4262.795058864795
    ],
    "PoorlyDrainedArea_sqkm": [
        90.45963000000003,
        9826.265999999998,
        3501.2178999999996,
        5198.704122174736
    ],
    "HydGrpAreaA_sqkm": [
        3.22974,
        664.3402999999998,
        202.14604583333335,
        348.11160587886417
    ],
    "HydGrpAreaB_sqkm": [
        22.812660000000005,
        2227.254,
        887.7133333333335,
        1081.5833827348306
    ],
    "HydGrpAreaC_sqkm": [
        110.97477,
        5823.026999999998,
        2562.119745833333,
        3038.32685884013
    ],
    "HydGrpAreaD_sqkm": [
        96.92004000000003,
        9893.003999999999,
        3592.4090916666664,
        5309.897520587925
    ],
    "DominantKfactWS_value": [
        0.28,
        0.43000000000000005,
        0.32916666666666666,
        0.05851756621353586
    ],
    "DominantKfactArea_sqkm": [
        135.10430000000002,
        5296.346,
        2442.5164624999998,
        2742.825880955623
    ],
    "1stDominantSolTexArea_sqkm": [
        195.94020000000003,
        8429.496,
        3999.5650083333335,
        4977.4724432239855
    ],
    "2ndDominantSolTexArea_sqkm": [
        83.27628000000001,
        5659.707,
        1973.8536375000003,
        2733.082981228296
    ]
}