{
    "00060_Mean": [
        -0.6454716570811718,
        0.009663051579268667,
        -0.30228233510548097,
        0.25571043229775486
    ],
    "dayl(s)": [
        33567.62,
        52816.69,
        43193.200567789914,
        7239.194608505494
    ],
    "prcp(mm/day)": [
        -1.0,
        0.5162399389809202,
        -0.47922901082904884,
        0.6600748431695223
    ],
    "srad(W/m2)": [
        165.66,
        501.75,
        339.7940303242397,
        129.20958903250082
    ],
    "swe(mm)": [
        0.0,
        93.07,
        30.154700058276536,
        80.32932250887544
    ],
    "tmax(C)": [
        1.51,
        30.1,
        16.49879495033034,
        10.914032494465165
    ],
    "tmin(C)": [
        -8.57,
        17.37,
        4.097958973615037,
        9.932165416104876
    ],
    "vp(Pa)": [
        290.2,
        1920.2,
        923.6346877738428,
        634.218183360743
    ],
    "ELEV_MEAN_M_BASIN": [
        118.60368,
        2190.0696,
        829.7589851398398,
        806.2618758350284
    ],
    "SLOPE_PCT": [
        1.0443120000000004,
        28.632413999999997,
        12.381725938363438,
        11.312056761374048
    ],
    "DRAIN_SQKM": [
        66.57426,
        13734.105999999998,
        4474.7385868689,
        8286.10419128894
    ],
    "HYDRO_DISTURB_INDX": [
        7.0,
        26.0,
        16.583394027676622,
        6.754227797602157
    ],
    "STREAMS_KM_SQ_KM": [
        0.44416351909949175,
        0.9765901471766354,
        0.7204849424402645,
        0.20915597211508496
    ],
    "BFI_AVE": [
        25.87693,
        70.396064,
        49.05408790458849,
        16.680079617568573
    ],
    "NDAMS_2009": [
        0.0,
        104.59999999999991,
        47.509104151493084,
        143.6810904182293
    ],
    "STOR_NID_2009": [
        0.0,
        364.95692847683176,
        118.93703042702447,
        251.2117306851851
    ],
    "RAW_DIS_NEAREST_DAM": [
        -999.0,
        22.401998,
        -159.84689985041953,
        377.5514032190477
    ],
    "FRAGUN_BASIN": [
        4.692090000000005,
        90.06309399999999,
        39.70379599275309,
        31.297889461212534
    ],
    "DEVNLCD06": [
        0.58854218588,
        32.95543434,
        11.758833014426155,
        18.948307264471026
    ],
    "FORESTNLCD06": [
        3.80338222,
        81.14592216,
        43.82361310722192,
        27.74046991314266
    ],
    "PLANTNLCD06": [
        0.0,
        53.750825199999994,
        17.226205758139912,
        22.418660844818234
    ],
    "PERMAVE": [
        1.1593218,
        6.289441999999999,
        3.3038698115804803,
        2.4538374124491686
    ],
    "RFACT": [
        25.011874000000006,
        298.49716,
        147.55639177713036,
        113.2509108409673
    ],
    "PPTAVG_BASIN": [
        52.73034,
        150.41008,
        108.97180222141294,
        50.57629045401103
    ],
    "BARRENNLCD06": [
        0.007044606,
        2.3597113999999983,
        1.0951502397827384,
        3.0996124366041204
    ],
    "DECIDNLCD06": [
        0.013721652000000004,
        59.842262,
        19.767574954936563,
        24.31364909380181
    ],
    "EVERGRNLCD06": [
        0.046421498000000005,
        64.038216,
        20.892414874076113,
        24.87370611097348
    ],
    "MIXEDFORNLCD06": [
        0.0,
        8.363226599999994,
        3.163623278209242,
        6.452833998483375
    ],
    "SHRUBNLCD06": [
        0.016829024000000005,
        37.111461999999996,
        12.141109041134676,
        17.51518389386218
    ],
    "GRASSNLCD06": [
        0.12580896000000003,
        26.306029999999986,
        8.581656485329207,
        13.78916040064712
    ],
    "WOODYWETNLCD06": [
        0.0024558314000000035,
        10.015322799999998,
        3.257670062512163,
        7.181012491118169
    ],
    "EMERGWETNLCD06": [
        0.0,
        1.5881333999999998,
        0.6497670816292062,
        1.540843500064092
    ],
    "GEOL_REEDBUSH_DOM_PCT": [
        57.03132,
        100.0,
        88.19270559359069,
        17.480120241296866
    ],
    "STRAHLER_MAX": [
        3.0,
        7.0,
        4.672978878368536,
        5.35214202589908
    ],
    "MAINSTEM_SINUOUSITY": [
        1.2231607840866934,
        2.2666877689147378,
        1.68914017223684,
        0.47101814144554105
    ],
    "REACHCODE": [
        2050305200463.2002,
        17110010000429.602,
        9222871104637.086,
        6088240809675.386
    ],
    "ARTIFPATH_PCT": [
        0.0,
        9.689683892331242,
        4.1223401322251965,
        5.292669625004076
    ],
    "ARTIFPATH_MAINSTEM_PCT": [
        0.0,
        54.44610396069636,
        16.60511316691243,
        23.545622801078423
    ],
    "HIRES_LENTIC_PCT": [
        0.07455950200000008,
        3.6684510441800002,
        1.5664626117374292,
        2.9412832440467964
    ],
    "PERDUN": [
        0.021535066000000023,
        5.0522472,
        2.5172998615369266,
        1.7842949419746343
    ],
    "PERHOR": [
        0.37468160000000006,
        10.310951999999993,
        4.675192150473045,
        5.50759300229281
    ],
    "TOPWET": [
        10.047395999999999,
        13.395318,
        11.705490234522943,
        1.2811772467794071
    ],
    "CONTACT": [
        18.154618000000003,
        830.6326599999999,
        343.88828412672984,
        626.086749057793
    ],
    "CANALS_PCT": [
        0.0,
        8.354587554665075,
        3.078874970995166,
        8.993145809602158
    ],
    "RAW_AVG_DIS_ALLCANALS": [
        -999.0,
        80.37264599999999,
        -522.7741191125274,
        526.3819306651966
    ],
    "NPDES_MAJ_DENS": [
        0.0,
        0.22888488840376398,
        0.10038759171144442,
        0.3316447160907175
    ],
    "RAW_AVG_DIS_ALL_MAJ_NPDES": [
        -999.0,
        79.145978,
        -566.8334779160234,
        519.2939491619153
    ],
    "RAW_AVG_DIS_ALL_MAJ_DAMS": [
        -999.0,
        95.16904399999999,
        -351.16018594955574,
        514.6279062283726
    ],
    "FRESHW_WITHDRAWAL": [
        4.380670490072001,
        160.75679941448,
        75.64984895550121,
        167.16904583436235
    ],
    "PCT_IRRIG_AG": [
        0.0,
        5.818941199999996,
        2.0712453886336486,
        6.077771119182375
    ],
    "POWER_NUM_PTS": [
        0.0,
        9.0,
        3.310269482884195,
        7.977473072392734
    ],
    "POWER_SUM_MW": [
        0.0,
        891.0199999999996,
        406.2099679533867,
        1427.001792614732
    ],
    "ROADS_KM_SQ_KM": [
        0.6119367353702981,
        3.384344135184416,
        1.8576298781078642,
        1.7067935310827926
    ],
    "PADCAT1_PCT_BASIN": [
        0.0,
        18.822905999999996,
        6.452577456480407,
        17.65547976159108
    ],
    "PADCAT2_PCT_BASIN": [
        0.0,
        14.168859999999997,
        4.741974140687983,
        11.062068197796938
    ]
}