{
    "00010_Mean": [
        2.7,
        23.199999999999996,
        12.369243483746473,
        7.7609656212333356
    ],
    "dayl(s)": [
        33177.6,
        53222.4,
        43192.953921974535,
        7473.648348416935
    ],
    "prcp(mm/day)": [
        -1.0,
        0.5287521077370657,
        -0.434780687587139,
        0.6686334200420578
    ],
    "srad(W/m2)": [
        155.37,
        499.09,
        332.5973698176688,
        131.11020042254114
    ],
    "tmax(C)": [
        0.95,
        29.37,
        15.586396138970661,
        10.906283554788553
    ],
    "tmin(C)": [
        -9.02,
        16.58,
        3.40501091511838,
        9.78422225400473
    ],
    "vp(Pa)": [
        282.54,
        1840.4210000000055,
        895.6207663293834,
        605.6964347703126
    ],
    "00060_Mean": [
        -0.5760896274096989,
        0.03162386587473122,
        -0.2622628689456003,
        0.24478045888398975
    ],
    "combine_discharge": [
        -0.5736736924831509,
        0.0314086535848828,
        -0.26158284612831895,
        0.24369144730941655
    ],
    "DRAIN_SQKM": [
        58.118418,
        14785.188000000006,
        4735.257452363855,
        8797.577850811997
    ],
    "PPTAVG_BASIN": [
        52.967960000000005,
        165.98260000000002,
        115.90663944578313,
        58.4799985809788
    ],
    "T_AVG_BASIN": [
        3.8737078,
        15.453028,
        9.172667161686748,
        4.351446368046016
    ],
    "T_MAX_BASIN": [
        10.377506,
        22.121648,
        15.476651983132532,
        4.525168746654645
    ],
    "T_MAXSTD_BASIN": [
        0.13051913999999998,
        2.4514306,
        1.03642451913253,
        0.9534849203892825
    ],
    "T_MIN_BASIN": [
        -3.0873859999999995,
        9.3058668,
        2.940319668544578,
        4.481123817503577
    ],
    "T_MINSTD_BASIN": [
        0.13209938,
        1.8101930000000002,
        0.8075143802409639,
        0.7165636073550615
    ],
    "RH_BASIN": [
        55.36206,
        71.900004,
        65.99347595180723,
        6.295526658957901
    ],
    "STREAMS_KM_SQ_KM": [
        0.41990465411309563,
        0.924777799649037,
        0.6875343864081219,
        0.19469670335981826
    ],
    "PERDUN": [
        0.029796550000000015,
        4.9083378,
        2.510813695164578,
        1.7056729342325092
    ],
    "HIRES_LENTIC_PCT": [
        0.06830578892000003,
        3.598278545000004,
        1.3648038732556145,
        2.117053550922572
    ],
    "NDAMS_2009": [
        0.0,
        91.0,
        38.267469879518075,
        109.94061168839187
    ],
    "STOR_NID_2009": [
        0.0,
        348.1492865351468,
        110.8258540110459,
        206.21869504061405
    ],
    "FORESTNLCD06": [
        6.304011716400001,
        84.58213468,
        48.25725259200673,
        28.432697054031763
    ],
    "PLANTNLCD06": [
        0.0,
        40.75366702800002,
        14.299720243472287,
        20.533208506660326
    ],
    "ELEV_MEAN_M_BASIN": [
        188.0034,
        2168.167,
        858.048248626506,
        765.3082351143953
    ],
    "SLOPE_PCT": [
        1.2089186,
        29.997408000000007,
        12.876860656626507,
        11.581231820318987
    ],
    "RAW_DIS_NEAREST_DAM": [
        -999.0,
        20.018256000000008,
        -163.19426109815907,
        379.8356896827757
    ],
    "RAW_AVG_DIS_ALLDAMS": [
        0.0,
        84.9850240000001,
        36.58498465939759,
        45.78458888857773
    ],
    "RAW_DIS_NEAREST_MAJ_DAM": [
        0.0,
        36.72955600000001,
        12.762350476168676,
        20.489511926338164
    ],
    "RAW_AVG_DIS_ALL_MAJ_DAMS": [
        -999.0,
        88.34936200000001,
        -354.98797189650605,
        514.4749025693308
    ]
}