{
    "00010_Mean": [
        2.6,
        23.6,
        12.804193771335244,
        8.713070919186016
    ],
    "dayl(s)": [
        33567.62,
        52816.69,
        43193.200567789914,
        7239.194608505494
    ],
    "prcp(mm/day)": [
        -1.0,
        0.5162399389809202,
        -0.47922901082904884,
        0.6600748431695223
    ],
    "srad(W/m2)": [
        165.66,
        501.75,
        339.7940303242397,
        129.20958903250082
    ],
    "swe(mm)": [
        0.0,
        93.07,
        30.154700058276536,
        80.32932250887544
    ],
    "tmax(C)": [
        1.51,
        30.1,
        16.49879495033034,
        10.914032494465165
    ],
    "tmin(C)": [
        -8.57,
        17.37,
        4.097958973615037,
        9.932165416104876
    ],
    "vp(Pa)": [
        290.2,
        1920.2,
        923.6346877738428,
        634.218183360743
    ],
    "pred_discharge": [
        0.14869078983358666,
        77.08933479597833,
        35.438305745730595,
        122.93303841132273
    ],
    "DRAIN_SQKM": [
        66.57426,
        13734.105999999998,
        4474.7385868689,
        8286.10419128894
    ],
    "PPTAVG_BASIN": [
        52.73034,
        150.41008,
        108.97180222141294,
        50.57629045401103
    ],
    "T_AVG_BASIN": [
        4.268646,
        16.122594,
        10.009261092541879,
        4.72319142404724
    ],
    "T_MAX_BASIN": [
        10.455055999999999,
        22.980359999999997,
        16.397522434814274,
        4.868858952102119
    ],
    "T_MAXSTD_BASIN": [
        0.1092655,
        2.5793635999999998,
        1.0819589925535325,
        1.0588921627303705
    ],
    "T_MIN_BASIN": [
        -2.643718,
        9.741429799999997,
        3.641130652419519,
        4.931902775416299
    ],
    "T_MINSTD_BASIN": [
        0.11080841999999999,
        1.9824019999999996,
        0.822214383058995,
        0.8204967243945664
    ],
    "RH_BASIN": [
        55.223588,
        71.705882,
        65.30411960670065,
        6.547469872503021
    ],
    "STREAMS_KM_SQ_KM": [
        0.44416351909949175,
        0.9765901471766354,
        0.7204849424402645,
        0.20915597211508496
    ],
    "PERDUN": [
        0.021535066000000023,
        5.0522472,
        2.5172998615369266,
        1.7842949419746343
    ],
    "HIRES_LENTIC_PCT": [
        0.07455950200000008,
        3.6684510441800002,
        1.5664626117374292,
        2.9412832440467964
    ],
    "NDAMS_2009": [
        0.0,
        104.59999999999991,
        47.509104151493084,
        143.6810904182293
    ],
    "STOR_NID_2009": [
        0.0,
        364.95692847683176,
        118.93703042702447,
        251.2117306851851
    ],
    "FORESTNLCD06": [
        3.80338222,
        81.14592216,
        43.82361310722192,
        27.74046991314266
    ],
    "PLANTNLCD06": [
        0.0,
        53.750825199999994,
        17.226205758139912,
        22.418660844818234
    ],
    "ELEV_MEAN_M_BASIN": [
        118.60368,
        2190.0696,
        829.7589851398398,
        806.2618758350284
    ],
    "SLOPE_PCT": [
        1.0443120000000004,
        28.632413999999997,
        12.381725938363438,
        11.312056761374048
    ],
    "RAW_DIS_NEAREST_DAM": [
        0.0,
        22.401998,
        8.22957502212236,
        10.953043492468861
    ],
    "RAW_AVG_DIS_ALLDAMS": [
        0.0,
        93.95876199999998,
        37.809418171048804,
        46.070061456882186
    ],
    "RAW_DIS_NEAREST_MAJ_DAM": [
        0.0,
        41.48692399999999,
        14.392457988579753,
        24.26777382416768
    ],
    "RAW_AVG_DIS_ALL_MAJ_DAMS": [
        0.0,
        95.16904399999999,
        33.742217546438454,
        49.993196813925806
    ]
}