{
    "00010_Mean": [
        2.7,
        23.2,
        12.369055904423867,
        7.761861166204148
    ],
    "dayl(s)": [
        33177.6,
        53222.4,
        43192.95753439587,
        7468.608904234
    ],
    "prcp(mm/day)": [
        -1.0,
        0.5273755550643464,
        -0.4371434981379725,
        0.668142163235707
    ],
    "srad(W/m2)": [
        156.02,
        499.85,
        333.3160521710903,
        131.3931197622155
    ],
    "swe(mm)": [
        0.0,
        96.28,
        30.353567557107887,
        74.46087956695206
    ],
    "tmax(C)": [
        0.87,
        29.36,
        15.550109477249595,
        10.923812165445534
    ],
    "tmin(C)": [
        -9.14,
        16.59,
        3.3588954803073072,
        9.819332244175033
    ],
    "vp(Pa)": [
        280.7,
        1841.85,
        893.9288530516164,
        606.4647626013524
    ],
    "combine_discharge": [
        -0.5726147608814888,
        0.029720740176943435,
        -0.2624415532865258,
        0.2426974005116301
    ],
    "DRAIN_SQKM": [
        58.13145900000001,
        14699.499000000003,
        4705.351382782711,
        8806.036441304634
    ],
    "PPTAVG_BASIN": [
        53.314939,
        164.57668,
        115.31224852803739,
        57.90007975144049
    ],
    "T_AVG_BASIN": [
        3.8430653000000006,
        15.451135999999998,
        9.131078148831776,
        4.3739830494635425
    ],
    "T_MAX_BASIN": [
        10.225499000000001,
        22.115754000000003,
        15.441704703271029,
        4.5449899398798195
    ],
    "T_MAXSTD_BASIN": [
        0.12936572,
        2.4558085000000003,
        1.0361001003271029,
        0.9537264032251495
    ],
    "T_MIN_BASIN": [
        -3.1531130000000003,
        9.2516045,
        2.894731239570093,
        4.513168076466844
    ],
    "T_MINSTD_BASIN": [
        0.13238129,
        1.8203275000000003,
        0.8097146919626168,
        0.7183901172011669
    ],
    "RH_BASIN": [
        55.209543,
        71.78080700000001,
        65.89745147196263,
        6.332224927150865
    ],
    "STREAMS_KM_SQ_KM": [
        0.4202239024281246,
        0.9301739907251323,
        0.6893099838893267,
        0.19535353130987934
    ],
    "PERDUN": [
        0.028209082000000003,
        4.9608308,
        2.512370120311449,
        1.7226352615965768
    ],
    "HIRES_LENTIC_PCT": [
        0.06903464561,
        3.5453812580000017,
        1.3591239657422431,
        2.1069604463885776
    ],
    "NDAMS_2009": [
        0.0,
        91.0,
        37.71495327102804,
        108.40484462028138
    ],
    "STOR_NID_2009": [
        0.0,
        347.31759359954293,
        109.08900972339032,
        204.46682069101462
    ],
    "FORESTNLCD06": [
        6.322972028700001,
        84.50443949,
        48.33669753787567,
        28.265356489208024
    ],
    "PLANTNLCD06": [
        0.0,
        41.274302466,
        14.361154733175233,
        20.665380599482987
    ],
    "ELEV_MEAN_M_BASIN": [
        188.7876,
        2215.1824,
        868.1997492523363,
        780.6465205872948
    ],
    "SLOPE_PCT": [
        1.2182738,
        29.898804000000002,
        12.830033048831776,
        11.552556207271698
    ],
    "RAW_DIS_NEAREST_DAM": [
        0.0,
        19.904688000000004,
        7.7968218571588785,
        10.625094415994973
    ],
    "RAW_AVG_DIS_ALLDAMS": [
        0.0,
        83.80793200000004,
        36.537388080957946,
        45.84782518616952
    ],
    "RAW_DIS_NEAREST_MAJ_DAM": [
        0.0,
        36.850461,
        12.844723424322432,
        20.55677646777875
    ],
    "RAW_AVG_DIS_ALL_MAJ_DAMS": [
        0.0,
        88.30981600000001,
        32.426897053621495,
        49.61810152371253
    ]
}