{
    "00060_Mean": [
        52.0,
        4110.0,
        1612.263683614821,
        2720.0399829077583
    ],
    "dayl(s)": [
        32140.8,
        54259.2,
        43192.24679442516,
        8124.764647695467
    ],
    "prcp(mm/day)": [
        0.0,
        12.65100000000035,
        3.8948783780594303,
        7.943847931149436
    ],
    "srad(W/m2)": [
        130.95900000000003,
        504.33100000000036,
        317.8152583020605,
        141.5296765542053
    ],
    "swe(mm)": [
        0.0,
        96.53,
        32.832213245533296,
        70.59529189787033
    ],
    "tmax(C)": [
        1.32,
        27.31,
        13.740795251245013,
        10.082188064950744
    ],
    "tmin(C)": [
        -7.93,
        11.32,
        1.6686286199815903,
        8.043505697024786
    ],
    "vp(Pa)": [
        309.54,
        1261.4610000000005,
        731.7092684745922,
        435.19611639118136
    ],
    "ELEV_MEAN_M_BASIN": [
        354.6257,
        1689.1517999999996,
        1012.4718158620689,
        564.408877882315
    ],
    "SLOPE_PCT": [
        2.0023016,
        30.85805,
        18.578337965517246,
        11.15822264034294
    ],
    "DRAIN_SQKM": [
        215.80722000000003,
        10519.252,
        3903.846455172414,
        7822.780753700042
    ],
    "HYDRO_DISTURB_INDX": [
        7.0,
        22.2,
        14.482758620689655,
        5.8405283751007255
    ],
    "STREAMS_KM_SQ_KM": [
        0.5046755521618748,
        0.7778370113283908,
        0.6528426859756353,
        0.1334460866467783
    ],
    "BFI_AVE": [
        42.90904,
        76.040334,
        62.28584931034483,
        13.660239493705793
    ],
    "NDAMS_2009": [
        0.0,
        71.79999999999998,
        21.20689655172414,
        33.831610713533244
    ],
    "STOR_NID_2009": [
        0.0,
        421.7638262382874,
        140.0978713813763,
        175.4281453854201
    ],
    "RAW_DIS_NEAREST_DAM": [
        -999.0,
        30.152748,
        -197.3499036896552,
        409.6209611384701
    ],
    "FRAGUN_BASIN": [
        2.358626000000001,
        39.43393,
        15.192557586206895,
        19.479588981422307
    ],
    "DEVNLCD06": [
        0.3573734096,
        7.163366436,
        3.607933426875862,
        6.8647633354909265
    ],
    "FORESTNLCD06": [
        33.863461898160004,
        87.649585415,
        64.34092217936896,
        22.259778458046434
    ],
    "PLANTNLCD06": [
        0.0,
        12.810627399999998,
        5.200965000075861,
        9.543169268314024
    ],
    "PERMAVE": [
        1.5556192,
        5.5050273999999995,
        3.2771375172413792,
        1.6233494934739867
    ],
    "RFACT": [
        19.422258000000003,
        158.50261999999998,
        106.1279815862069,
        72.27496852717262
    ],
    "PPTAVG_BASIN": [
        54.245546000000004,
        218.06,
        135.73380241379311,
        63.633377940904005
    ],
    "BARRENNLCD06": [
        0.0087934328,
        1.6106015999999994,
        0.6763636205862071,
        1.0213593239096088
    ],
    "DECIDNLCD06": [
        0.0017312086,
        48.653645999999995,
        12.091582152551725,
        22.97221768425763
    ],
    "EVERGRNLCD06": [
        4.373052,
        84.65008399999999,
        50.02292794137931,
        32.42110846741125
    ],
    "MIXEDFORNLCD06": [
        0.0,
        9.7234816,
        2.2264120854379312,
        4.011790854486719
    ],
    "SHRUBNLCD06": [
        0.40729568,
        30.231313999999976,
        17.876407751724138,
        20.561324156159074
    ],
    "GRASSNLCD06": [
        0.22031696000000003,
        8.335267599999998,
        3.996360358275862,
        6.864765784246873
    ],
    "WOODYWETNLCD06": [
        0.0,
        11.72318,
        2.8575412021724134,
        6.338412642195764
    ],
    "EMERGWETNLCD06": [
        0.0,
        0.7263966599999999,
        0.3472056542413793,
        0.6800160669887916
    ],
    "GEOL_REEDBUSH_DOM_PCT": [
        55.781088000000004,
        100.0,
        81.25754586206895,
        18.10843974207769
    ],
    "STRAHLER_MAX": [
        3.8000000000000003,
        6.199999999999999,
        5.137931034482759,
        2.487543282327094
    ],
    "MAINSTEM_SINUOUSITY": [
        1.27710145783598,
        1.9659557577804045,
        1.6168850731028357,
        0.3974395934878558
    ],
    "REACHCODE": [
        2040102600007.0,
        17092070200094.2,
        13133204172642.793,
        5946483009080.847
    ],
    "ARTIFPATH_PCT": [
        0.0945623535060399,
        14.237665667449122,
        4.967034774148547,
        5.634427038551466
    ],
    "ARTIFPATH_MAINSTEM_PCT": [
        0.0,
        63.05558078908184,
        21.523450223742685,
        23.859629054164323
    ],
    "HIRES_LENTIC_PCT": [
        0.030374148,
        4.1936734732,
        1.2150873084037928,
        1.6231659505142515
    ],
    "PERDUN": [
        0.24219717080000008,
        4.9838838,
        2.591615726,
        1.6930656039185477
    ],
    "PERHOR": [
        0.11655784,
        7.288426199999999,
        2.715199636896552,
        2.9906597037116796
    ],
    "TOPWET": [
        9.861352,
        12.693086,
        10.859316655172412,
        1.072313342145568
    ],
    "CONTACT": [
        19.77683,
        262.08287999999993,
        117.99982586206896,
        133.45259877518805
    ],
    "CANALS_PCT": [
        0.0,
        6.3120661156570925,
        1.9305941274265088,
        2.738500542390267
    ],
    "RAW_AVG_DIS_ALLCANALS": [
        -999.0,
        58.733079999999994,
        -461.8934816896551,
        519.341801908679
    ],
    "NPDES_MAJ_DENS": [
        0.0,
        0.05367001455584651,
        0.01327554497175102,
        0.0306105385424854
    ],
    "RAW_AVG_DIS_ALL_MAJ_NPDES": [
        -999.0,
        31.889801999999968,
        -746.9594967931035,
        447.1702169304408
    ],
    "RAW_AVG_DIS_ALL_MAJ_DAMS": [
        -999.0,
        78.277212,
        -317.5604563103448,
        495.17477692135867
    ],
    "FRESHW_WITHDRAWAL": [
        7.103253255202001,
        72.47544718019999,
        46.02172381167139,
        31.20880834131026
    ],
    "PCT_IRRIG_AG": [
        0.0,
        10.212322799999999,
        2.1890074146551726,
        4.601531287991469
    ],
    "POWER_NUM_PTS": [
        0.0,
        8.0,
        2.2758620689655173,
        3.2789459168767356
    ],
    "POWER_SUM_MW": [
        0.0,
        130.28399999999996,
        48.2931724137931,
        100.52295747775094
    ],
    "ROADS_KM_SQ_KM": [
        0.5774089581780237,
        2.0054960715638037,
        1.307495378543195,
        0.6795683862776025
    ],
    "PADCAT1_PCT_BASIN": [
        0.0,
        39.122108,
        13.726822458758617,
        21.854815277347985
    ],
    "PADCAT2_PCT_BASIN": [
        0.0,
        24.191047999999995,
        10.681338060075863,
        12.469665579631998
    ]
}